
  [

    { 
      "name":"Rice",
      "Serial_No":"01",
      "unit":"Kilogram",
      "Quantity":"5kg",
      "Department":"Grocery",
      "Notes":"Excellent quality"
    },
   
    { 
     "name":"Coconut oil",
     "Serial_No":"02",
     "unit":"Litre",
     "Quantity":"3",
     "Department":"Grocery",
     "Notes":"Excellent quality"
    }, 

      
   { 
       
    "name":"Milk Powder",
    "Serial_No":"03",
    "unit":"Kilogram",
    "Quantity":"8",
    "Department":"Dairy products",
    "Notes":"Excellent quality,New arrivals"



   }, 



   { 
       
    
    "name":"vegetable kit",
    "Serial_No":"04",
    "unit":"Kilogram",
    "Quantity":"3kg",
    "Department":"vegetable section",
    "Notes":"Fresh,New arrivals"



   },


   { 
       
    "name":"Garam masala",
    "Serial_No":"05",
    "unit":"Gram",
    "Quantity":"3 packets",
    "Department":"Curry powder section",
    "Notes":"New arrivals only"

   },


   { 
       
    "name":"Chilli Powder",
    "Serial_No":"06",
    "unit":"gram",
    "Quantity":"2 packets",
    "Department":"Curry Powders",
    "Notes":"New arrivals only"

   },

  
   { 
       
    "name":"Wheat Powder ",
    "Serial_No":"07",
    "unit":"Kilogram",
    "Quantity":"5kg",
    "Department":"Cereals",
    "Notes":"Quality stuffs only"

   },


   { 
       
    "name":"TEA cake",
    "Serial_No":"08",
    "unit":"Number",
    "Quantity":"2 packets",
    "Department":"Bakery",
    "Notes":"Excellent quality,New arrivals"

   },


   { 
       
    "name":"Sunflower oil",
    "Serial_No":"09",
    "unit":"Litre",
    "Quantity":"4",
    "Department":"Cooking Oil",
    "Notes":"New arrivals only"

   },


   
   
   
   { 
       
    "name":"Fruit juice powder",
    "Serial_No":"10",
    "unit":"Number",
    "Quantity":"5 packets",
    "Department":"bevarages",
    "Notes":"Tang juice powder only"

   }
   
  
  ]









   
   
















